id,name,datejoined
1,Chaunce Lonsdale,2016-04-20
2,Teddi Bachnic,2017-10-04
3,Debee Malia,2017-03-02
4,Hannah Bengtson,2017-06-22
5,Hedda Qualtrough,2016-03-15
6,Ellswerth Darville,2016-02-03
7,Angil Richardes,2016-11-26
8,Agna Eadmeades,2017-04-26
9,Dirk Epp,2016-07-27
10,Oswell De Cleen,2015-12-24
11,Shana Staniland,2016-01-02
12,Parker Iffe,2017-04-07
13,Loise Coath,2017-04-25
14,Christian Gircke,2017-03-12
15,Tedda Reddel,2016-02-11
16,Lenard MacChaell,2015-12-16
17,Cassandre Eakens,2017-06-25
18,Bevon Jervoise,2015-12-27
19,Simonne Iltchev,2017-10-21
20,Tawsha Hartmann,2017-03-08
21,Lane Abramowitz,2017-07-13
22,Revkah Cartmale,2016-10-26
23,Jilleen Litton,2017-09-10
24,Brandy Kittley,2017-05-29
25,David Woodburne,2017-04-07
26,Benedicta Posner,2017-03-13
27,Kingsley Blanckley,2016-10-19
28,Stanislaw Glazyer,2017-05-29
29,Weidar Fitch,2015-12-09
30,Lotte Neward,2016-12-04
31,Ekaterina Lockhead,2016-05-04
32,Falkner Eldin,2017-05-06
33,Hermina Renachowski,2017-06-06
34,Manfred Coxon,2016-02-20
35,Carmon Kearle,2016-10-12
36,Bessie Drioli,2017-02-12
37,Marve Vonderdell,2017-08-11
38,Flor Lauchlan,2017-02-18
39,Lucinda Eveleigh,2016-06-10
40,Dionisio Burleton,2017-11-08
41,Gerrie Dakin,2016-04-16
42,Aylmer Marrion,2017-07-02
43,Willetta Windibank,2017-05-16
44,Patrica Bladon,2017-09-24
45,Pippy Boyer,2016-05-27
46,Viviana McKibbin,2017-01-26
47,Ulrick Daglish,2017-11-06
48,Mackenzie Luten,2017-08-02
49,Ricky Dingle,2017-10-17
50,Rochell Stopford,2017-06-22
