id, name, pattern, empid
25,Achondroplasia,GCGGAACCCTTCAAATGGAGACAACCATCT,1
26,Alpha-1 Antitrypsin Deficiency,TAGGGTTATCGTGGAAAGAGCCACTCGTGC,32
27,Antiphospholipid Syndrome,GCACAACTCCAAGTCTATACTCAGGATAAC,37
28,Autism,CGGACAAGTCAGTCCCCCAAAGGTGGACCC,18
29,Autosomal Dominant Polycystic Kidney Disease,GTAGAAACCTTGGTGCAAGCTCTTCCAGCC,1
30,Breast cancer,GAAGAAGATCACTTCGAGGCCGGCTTACTG,21
31,Charcot-Marie-Tooth,ACAGTAGTAGAAGGAGCATTTCTTTAGGGG,38
32,Colon cancer,GGGTAGTGACCGGAGTAAAGCGACTGTGCG,18
33,Cri du chat,CTTCGTACCTTATCTATATCAAGGCCCATG,45
34,Crohn's Disease,GCGTGAACAGAATTGAATCTGACAGCTTGA,14
35,Cystic fibrosis,TTTAATGTTCGCCTCAAGGGAGCACGGGCG,44
36,Dercum Disease,TATTCCCGGCGTGCAAAATAGTCCCGGAGC,44
37,Down Syndrome,CCTTTACCATATCCCGGAAAAGCTCTTTGT,9
38,Duane Syndrome,CTAATGATGCTTGATTAGCGGGTGATGTAC,7
39,Duchenne Muscular Dystrophy,TGATGAGAGCTCTCGGAGGTAATCTTCGTG,14
40,Factor V Leiden Thrombophilia,CAACAGTGGAAATAGACTCTCTGATCGAAG,42
41,Familial Hypercholesterolemia,AATGCGATAGCATGGTTTGCATCGACATGT,5
42,Familial Mediterranean Fever,CAGTCCCGATTCTCACGGGGATAGGATCGC,35
43,Fragile X Syndrome,GTAACACGGCCTTTCATCCACATGTCACTT,22
44,Gaucher Disease,GTAGGGAGTTGTTAAGTTTTACCGTAAACG,17
45,Hemochromatosis,AAGCTCTTGACCACGAATCTGGGTATTTGA,13
46,Hemophilia,GCCACCGGAAACTATTACGGTGAGAGCGGC,7
47,Holoprosencephaly,TCACGGACCATGCCTCCCCCCCATATATAT,23
48,Huntington's disease,AGATGTAATCCTACATAAAACGGGTTCTAC,49
49,Klinefelter syndrome,CTCCCTTCCCACTATGTACCCTGATCGGCG,39
50,Marfan syndrome,ATTTAGTAAGAGTTCAACGAATTGACCCTT,37
51,Myotonic Dystrophy,GGTATTCTCTATGAATTTCGGGATGGTGCA,19
52,Neurofibromatosis,TCTGAGTTATGTACGCGTGTACCGAAGTCT,10
53,Noonan Syndrome,TACGGTATTCGGGATAAAGTACTTTGGATG,1
54,Osteogenesis Imperfecta,AACTATACTCAAGGGCGTAAAGTATAATCC,20
55,Parkinson's disease,CTCGGTAAGAGCAAAGAGTACCATGTAATA,32
56,Phenylketonuria,TAGTTCGTATAAGTATATATCGGGTTTAAG,19
57,Poland Anomaly,GCTCGAATGTCGAGTGCCAGGAGCTCCCAC,22
58,Porphyria,CACCCAGAATACTCGCGTAGTAGCCGAGTA,3
59,Progeria,CTACTAAGCTTTATACAGCCCGATCGGCAC,27
60,Prostate Cancer,CAACCAAGACACAGCTGACCTACCGTCGAG,39
61,Retinitis Pigmentosa,CCCCCCGGTATGTGATTTCGCAGTCCCTTT,17
62,Severe Combined Immunodeficiency (SCID),AGGCCCGATGACGGCCCGGCCACCATACCG,10
63,Sickle cell disease,ACTTCTCAGGAAGTCGCACCACTATAGGGG,6
64,Skin Cancer,TCACATGAAGCTTACCAGTGATGGCCAAAG,46
65,Spinal Muscular Atrophy,ACGCTCCATAGTATCCTACGCCCGTAAAAA,15
66,Tay-Sachs,ATAGACTCTCTGATCGAAGAGCTTTCCAAC,6
67,Thalassemia,AGAGGGTCCACGCTCCAGCACTCGTGTGCG,9
68,Trimethylaminuria,AATAGGAATACTCGTATTTTGGTCGATTGT,38
69,Turner Syndrome,ACGTTCGTATTATCGGGCGCAACGTACGTG,22
70,Velocardiofacial Syndrome,GCTTCGTCTGTCAATTGACTAAAACCATGG,16
71,WAGR Syndrome,CGCAAGAGAACGCTAGCGTCGCAACGGTCC,10
72,Wilson Disease,GTTGAACCAGCCTCAGCTTACTTTAAACCT,29
